Invoice ID,Branch,Payment
471-06-8611,C,Credit card
821-07-3596,C,Ewallet
509-10-0516,B,Ewallet
154-74-7179,B,Ewallet
120-54-2248,B,Credit card
808-65-0703,C,Credit card
545-07-8534,C,Ewallet
851-98-3555,B,Credit card
783-09-1637,B,Ewallet
651-61-0874,C,Credit card
319-50-3348,B,Ewallet
568-90-5112,C,Credit card
371-85-5789,B,Ewallet
273-16-6619,B,Credit card
376-56-3573,C,Ewallet
372-26-1506,C,Ewallet
523-38-0215,C,Credit card
605-83-1050,B,Ewallet
190-14-3147,B,Ewallet
679-22-6530,B,Credit card
871-79-8483,B,Credit card
569-71-4390,B,Ewallet
576-31-4774,B,Ewallet
268-03-6164,B,Ewallet
825-94-5922,B,Ewallet
423-80-0988,C,Ewallet
747-58-7183,B,Ewallet
320-85-2052,B,Credit card
356-44-8813,B,Credit card
446-47-6729,C,Credit card
286-75-7818,B,Credit card
574-57-9721,C,Ewallet
837-55-7229,B,Credit card
242-55-6721,B,Ewallet
826-58-8051,B,Ewallet
593-65-1552,C,Credit card
284-34-9626,B,Credit card
437-58-8131,B,Ewallet
176-64-7711,B,Credit card
592-34-6155,C,Ewallet
838-78-4295,C,Ewallet
641-43-2399,B,Ewallet
453-12-7053,C,Credit card
276-54-0879,B,Ewallet
794-42-3736,B,Credit card
375-72-3056,B,Ewallet
729-46-7422,C,Credit card
573-58-9734,B,Ewallet
847-38-7188,B,Ewallet
776-68-1096,B,Credit card
151-33-7434,B,Credit card
142-63-6033,B,Ewallet
656-16-1063,B,Credit card
746-19-0921,C,Ewallet
210-74-9613,C,Ewallet
881-41-7302,C,Credit card
764-44-8999,B,Ewallet
790-29-1172,B,Credit card
512-91-0811,C,Credit card
233-67-5758,C,Ewallet
471-41-2823,C,Ewallet
211-30-9270,C,Credit card
437-53-3084,B,Ewallet
225-98-1496,C,Credit card
261-12-8671,B,Credit card
378-24-2715,B,Ewallet
420-04-7590,B,Ewallet
883-17-4236,C,Credit card
665-63-9737,B,Ewallet
